alt,src
程枂儿,//pic.qiushibaike.com/system/avtnew/3365/33659175/thumb/20200412170508.jpg?imageView2/1/w/90/h/90
徘徊的老鹰,//pic.qiushibaike.com/system/avtnew/3060/30604644/thumb/201807031055060.JPEG?imageView2/1/w/90/h/90
-小门神~,//pic.qiushibaike.com/system/avtnew/3497/34975132/thumb/20200604220744.jpg?imageView2/1/w/90/h/90
义行天下7,//pic.qiushibaike.com/system/avtnew/3803/38031580/thumb/20200505061652.jpg?imageView2/1/w/90/h/90
猪头小小败,//pic.qiushibaike.com/system/avtnew/474/4745371/thumb/20190228174641.jpg?imageView2/1/w/90/h/90
禁言………,//pic.qiushibaike.com/system/avtnew/3782/37820769/thumb/20190209221726.jpg?imageView2/1/w/90/h/90
出门太难,//pic.qiushibaike.com/system/avtnew/4349/43492642/thumb/20200607045450.jpg?imageView2/1/w/90/h/90
搞笑视频在线,//pic.qiushibaike.com/system/avtnew/1038/10383144/thumb/20190114100857.jpg?imageView2/1/w/90/h/90
-小门神~,//pic.qiushibaike.com/system/avtnew/3497/34975132/thumb/20200604220744.jpg?imageView2/1/w/90/h/90
小恩的老公8,//pic.qiushibaike.com/system/avtnew/3239/32395436/thumb/20171013142058.JPEG?imageView2/1/w/90/h/90
姐姐掉沟里了,//pic.qiushibaike.com/system/avtnew/3893/38938586/thumb/20200616092420.jpg?imageView2/1/w/90/h/90
tonoon,//pic.qiushibaike.com/system/avtnew/3183/31839879/thumb/20160525154937.jpg?imageView2/1/w/90/h/90
吃了两碗又盛,//pic.qiushibaike.com/system/avtnew/3221/32215536/thumb/20181122212921.jpg?imageView2/1/w/90/h/90
吃了两碗又盛,//pic.qiushibaike.com/system/avtnew/3221/32215536/thumb/20181122212921.jpg?imageView2/1/w/90/h/90
坏小孩cium,//pic.qiushibaike.com/system/avtnew/3190/31900164/thumb/20200706210543.jpg?imageView2/1/w/90/h/90
搞笑视频在线,//pic.qiushibaike.com/system/avtnew/1038/10383144/thumb/20190114100857.jpg?imageView2/1/w/90/h/90
小恩的老公8,//pic.qiushibaike.com/system/avtnew/3239/32395436/thumb/20171013142058.JPEG?imageView2/1/w/90/h/90
石头，剪刀，破布,//pic.qiushibaike.com/system/avtnew/3977/39777065/thumb/20181006143158.jpg?imageView2/1/w/90/h/90
吃了两碗又盛,//pic.qiushibaike.com/system/avtnew/3221/32215536/thumb/20181122212921.jpg?imageView2/1/w/90/h/90
空城旧梦她与伞,//pic.qiushibaike.com/system/avtnew/648/6480555/thumb/20200201071150.jpg?imageView2/1/w/90/h/90
净心居士,//pic.qiushibaike.com/system/avtnew/4293/42939073/thumb/20200419124205.jpg?imageView2/1/w/90/h/90
夏有凉风秋望月,//pic.qiushibaike.com/system/avtnew/4048/40484754/thumb/20200906161645.jpg?imageView2/1/w/90/h/90
又一盏素酒,//pic.qiushibaike.com/system/avtnew/3904/39040667/thumb/20180802133508.jpg?imageView2/1/w/90/h/90
点赞的战斗猪,//pic.qiushibaike.com/system/avtnew/1652/16528515/thumb/20200311134124.jpg?imageView2/1/w/90/h/90
坏小孩cium,//pic.qiushibaike.com/system/avtnew/3190/31900164/thumb/20200706210543.jpg?imageView2/1/w/90/h/90
